Name,Gender,Email,Phone,City,Country
Fred Hunt,male,fred.hunt@example.com,(549) 933-0893,Laredo,United States
Faustine Vincent,female,faustine.vincent@example.com,05-12-39-91-42,Bordeaux,France
Ragnhild Storebø,female,ragnhild.storebo@example.com,59926483,Ottersøy,Norway
Charlie Gill,female,charlie.gill@example.com,Y80 P55-8579,Georgetown,Canada
Rusyavka Grickiv,female,rusyavka.grickiv@example.com,(068) T74-9468,Nizhin,Ukraine
Cildo Moura,male,cildo.moura@example.com,(02) 0892-8339,Lages,Brazil
Lilou Aubert,female,lilou.aubert@example.com,01-40-98-45-59,Nantes,France
Mechislava Demidenko,female,mechislava.demidenko@example.com,(067) H92-0227,Vinnicya,Ukraine
Kaspar Joly,male,kaspar.joly@example.com,077 088 12 00,Signy-Avenex,Switzerland
Lucy Edwards,female,lucy.edwards@example.com,(122)-102-9336,Whangarei,New Zealand
Gertine Pengel,female,gertine.pengel@example.com,(0697) 731388,Doornenburg,Netherlands
Violeta Tošić,female,violeta.tosic@example.com,028-0796-300,Svrljig,Serbia
Daniela Soto,female,daniela.soto@example.com,994-535-372,Gandía,Spain
Inés Ramírez,female,ines.ramirez@example.com,973-344-277,Málaga,Spain
Luis Barnett,male,luis.barnett@example.com,07-0718-4009,Bathurst,Australia
Slađana Vasić,female,sladana.vasic@example.com,028-0683-695,Doljevac,Serbia
بیتا کریمی,female,byt.khrymy@example.com,018-90387405,سنندج,Iran
Kerstin Blum,female,kerstin.blum@example.com,0743-1538754,Hagen,Germany
Milan Vrhovac,male,milan.vrhovac@example.com,020-3036-260,Vladičin Han,Serbia
Aiden Porter,male,aiden.porter@example.com,(480) 611-2808,Anchorage,United States
Lillie Fields,female,lillie.fields@example.com,05-8935-7086,Albury,Australia
Logan Li,male,logan.li@example.com,(211)-661-7663,Palmerston North,New Zealand
Alyssia Martinez,female,alyssia.martinez@example.com,01-66-11-87-35,Rueil-Malmaison,France
Vebjørn Sleire,male,vebjorn.sleire@example.com,69672916,Skjold,Norway
Lester Russell,male,lester.russell@example.com,015396 74199,Canterbury,United Kingdom
Amelia Hughes,female,amelia.hughes@example.com,(750)-491-3303,Gisborne,New Zealand
Ruben Sullivan,male,ruben.sullivan@example.com,011-502-8377,Carrigaline,Ireland
محیا سهيلي راد,female,mhy.shylyrd@example.com,007-55007181,بجنورد,Iran
Lois das Neves,female,lois.dasneves@example.com,(73) 8807-8694,Passos,Brazil
Aada Lahti,female,aada.lahti@example.com,08-881-972,Petäjävesi,Finland
Harm Michaelis,male,harm.michaelis@example.com,0244-3119987,Herzberg (Elster),Germany
Onur Dağlaroğlu,male,onur.daglaroglu@example.com,(024)-387-5426,Tunceli,Turkey
Sara Jaimes,female,sara.jaimes@example.com,(679) 613 5588,Rancho Nuevo de la Cruz,Mexico
Rebecca Duncan,female,rebecca.duncan@example.com,011-976-9564,Ardee,Ireland
Isabella Patel,female,isabella.patel@example.com,(254)-160-4148,Nelson,New Zealand
Lyubislava Mikulyak,female,lyubislava.mikulyak@example.com,(098) Q75-8289,Boguslav,Ukraine
Mirko Ivanišević,male,mirko.ivanisevic@example.com,027-9594-089,Trstenik,Serbia
Diane Lane,female,diane.lane@example.com,061-329-6199,Fermoy,Ireland
Robert Morrison,male,robert.morrison@example.com,017683 23275,Glasgow,United Kingdom
Paula Hanke,female,paula.hanke@example.com,0365-6569937,Delmenhorst,Germany
Xanthe Vincent,female,xanthe.vincent@example.com,(044) 2600454,Oostburg,Netherlands
César Arce,male,cesar.arce@example.com,(633) 033 1594,Cutzamala de Pinzón,Mexico
Coline Roussel,female,coline.roussel@example.com,03-25-87-88-94,Dunkerque,France
Savannah Douglas,female,savannah.douglas@example.com,06-9315-8563,Orange,Australia
Lena Peterson,female,lena.peterson@example.com,(504) 312-8345,Billings,United States
Jos Rocha,female,jos.rocha@example.com,(697) 033 3159,Acultzingo,Mexico
Valtteri Lampi,male,valtteri.lampi@example.com,03-967-888,Kuhmoinen,Finland
Kenan Remme,male,kenan.remme@example.com,26457250,Sekkingstad,Norway
Lisbeth Haake,female,lisbeth.haake@example.com,0207-2826045,Bad Driburg,Germany
Wilma Barnett,female,wilma.barnett@example.com,01-0046-7628,Geelong,Australia
Nandy Riedijk,female,nandy.riedijk@example.com,(095) 8610810,Scharmer,Netherlands
Nayana Kulkarni,female,nayana.kulkarni@example.com,7513697374,Bahraich,India
Mostafa Haugli,male,mostafa.haugli@example.com,80509604,Askgrenda,Norway
Addison Nelson,female,addison.nelson@example.com,05-9147-0340,Geraldton,Australia
Harry Davies,male,harry.davies@example.com,(802)-194-7021,Masterton,New Zealand
Etelvira da Rocha,female,etelvira.darocha@example.com,(43) 2385-0314,Rio Branco,Brazil
Isaiah Hayes,male,isaiah.hayes@example.com,07-3026-3276,Rockhampton,Australia
Veera Toivonen,female,veera.toivonen@example.com,08-568-134,Savonlinna,Finland
Melina Roy,female,melina.roy@example.com,076 775 20 56,Novalles,Switzerland
طاها حسینی,male,th.hsyny@example.com,007-35694548,همدان,Iran
Emilio Oquendo,male,emilio.oquendo@example.com,(615) 702 6922,San Francisco Periban,Mexico
Dhruv Suvarna,male,dhruv.suvarna@example.com,9866327726,Dehradun,India
Goossen Zonneveld,male,goossen.zonneveld@example.com,(0597) 756655,2e Valthermond,Netherlands
Felipe Castillo,male,felipe.castillo@example.com,971-983-623,Las Palmas de Gran Canaria,Spain
Belarmino Almeida,male,belarmino.almeida@example.com,(44) 0740-8276,Timon,Brazil
Matthew Chow,male,matthew.chow@example.com,Q45 C76-5999,Fauquier,Canada
Sebastian Chambers,male,sebastian.chambers@example.com,013873 01362,Manchester,United Kingdom
Shrinidhi Vernekar,female,shrinidhi.vernekar@example.com,9253666891,Mira-Bhayandar,India
Juliane Wong,female,juliane.wong@example.com,54468091,Ottersøy,Norway
Caroline Jacobs,female,caroline.jacobs@example.com,021-085-1335,Dublin,Ireland
Santiago Martin,male,santiago.martin@example.com,937-732-064,Alcobendas,Spain
Hermínio Rocha,male,herminio.rocha@example.com,(39) 6626-8297,Coronel Fabriciano,Brazil
Eddie Little,male,eddie.little@example.com,061-401-3447,Thurles,Ireland
Arturo Sanz,male,arturo.sanz@example.com,951-467-724,Toledo,Spain
Aidan Kuis,male,aidan.kuis@example.com,(0400) 344132,Dalerveen,Netherlands
Chelsy Van der Veldt,female,chelsy.vanderveldt@example.com,(0430) 292569,Catrijp,Netherlands
Nadja Vlahović,female,nadja.vlahovic@example.com,035-3604-306,Boljevac,Serbia
Louis Reyes,male,louis.reyes@example.com,021-198-1481,Naas,Ireland
David Hopkins,male,david.hopkins@example.com,02-2934-8697,Hobart,Australia
Faruk Wehrle,male,faruk.wehrle@example.com,0087-2557047,Markranstädt,Germany
Hans-Wolfgang Wiesmann,male,hans-wolfgang.wiesmann@example.com,0552-3119322,Bad Marienberg (Westerwald),Germany
Ömür Kutlay,female,omur.kutlay@example.com,(822)-899-6748,Iğdır,Turkey
Hannah Wang,female,hannah.wang@example.com,(435)-901-5059,New Plymouth,New Zealand
Joel Williams,male,joel.williams@example.com,(380) 237-6619,Cleveland,United States
Theodore Simmons,male,theodore.simmons@example.com,(771) 876-1264,Orlando,United States
Siniša Stojaković,male,sinisa.stojakovic@example.com,014-0966-998,Lapovo,Serbia
Liam Taylor,male,liam.taylor@example.com,K99 U16-6734,Radisson,Canada
Yasemin Abanuz,female,yasemin.abanuz@example.com,(201)-057-6579,Batman,Turkey
Janko Glavaš,male,janko.glavas@example.com,019-7734-385,Čačak,Serbia
Freya Alstad,female,freya.alstad@example.com,25367143,Vossevangen,Norway
Necati Özbir,male,necati.ozbir@example.com,(975)-538-3217,Kilis,Turkey
Mina Grujić,female,mina.grujic@example.com,020-7433-010,Pećinci,Serbia
Tine Friestad,female,tine.friestad@example.com,28672676,Nordstrand,Norway
Malik Bergeron,male,malik.bergeron@example.com,X36 H82-4943,Beaumont,Canada
Isabella Turner,female,isabella.turner@example.com,01-9556-7465,Hobart,Australia
Lylou Renaud,female,lylou.renaud@example.com,02-15-24-85-72,Courbevoie,France
Jeremy White,male,jeremy.white@example.com,L43 M08-4694,Inverness,Canada
Miomir Petković,male,miomir.petkovic@example.com,026-2281-911,Knjaževac,Serbia
Begüm Ertürk,female,begum.erturk@example.com,(360)-944-2549,Çanakkale,Turkey
Gayathri Keshri,female,gayathri.keshri@example.com,9637563350,Gangtok,India
Sabine Pinto,female,sabine.pinto@example.com,(52) 2370-9829,Guarapari,Brazil
آریا قاسمی,male,ary.qsmy@example.com,005-52998722,یزد,Iran
Cassandra Aubert,female,cassandra.aubert@example.com,01-59-30-28-76,Avignon,France
Teresa Dean,female,teresa.dean@example.com,017683 94921,Truro,United Kingdom
Aron Van Gils,male,aron.vangils@example.com,(068) 9295580,Papendrecht,Netherlands
Liam David,male,liam.david@example.com,05-00-30-26-04,Nice,France
Nellie Martinussen,female,nellie.martinussen@example.com,80700459,Årøysund,Norway
Cristóbal Iglesias,male,cristobal.iglesias@example.com,917-190-431,San Sebastián,Spain
Angela Lawrence,female,angela.lawrence@example.com,016974 25538,Wells,United Kingdom
Eva Blanchard,female,eva.blanchard@example.com,076 223 49 83,Eisten,Switzerland
Sélène Gautier,female,selene.gautier@example.com,02-18-17-40-19,Amiens,France
Anka Ognjanović,female,anka.ognjanovic@example.com,021-0409-720,Novi Kneževac,Serbia
Emmi Berre,female,emmi.berre@example.com,23054101,Løten,Norway
Javier Alonso,male,javier.alonso@example.com,922-042-013,Valladolid,Spain
Sarah Ouellet,female,sarah.ouellet@example.com,K99 H67-3566,Princeton,Canada
Kübra Kaya,female,kubra.kaya@example.com,(169)-790-5545,Kilis,Turkey
Ülkü Öztürk,female,ulku.ozturk@example.com,(957)-347-7139,Erzurum,Turkey
Wichard Van Essen,male,wichard.vanessen@example.com,(0067) 455992,Doornenburg,Netherlands
Aleksi Jutila,male,aleksi.jutila@example.com,06-436-750,Pielavesi,Finland
Ursina Thomas,female,ursina.thomas@example.com,076 667 97 44,Berken,Switzerland
Rosa Jensen,female,rosa.jensen@example.com,56910780,Sønder Stenderup,Denmark
Victoire Gonzalez,female,victoire.gonzalez@example.com,03-97-00-02-82,Grenoble,France
Tristan Peters,male,tristan.peters@example.com,016977 2555,Kingston upon Hull,United Kingdom
آوین گلشن,female,awyn.glshn@example.com,019-15848821,خوی,Iran
Samuel Green,male,samuel.green@example.com,(088)-326-0017,Whanganui,New Zealand
Louis Patel,male,louis.patel@example.com,(689)-419-6375,New Plymouth,New Zealand
Verica Cvejić,female,verica.cvejic@example.com,017-3063-044,Velika Plana,Serbia
Gregor Renard,male,gregor.renard@example.com,078 187 91 22,Bregaglia,Switzerland
Ahmet Akyürek,male,ahmet.akyurek@example.com,(680)-846-9794,Kars,Turkey
Timm Dehn,male,timm.dehn@example.com,0371-5806652,Rochlitz,Germany
Sebastian Christiansen,male,sebastian.christiansen@example.com,60844749,Kongsvinger,Denmark
Noah Thomas,male,noah.thomas@example.com,079 187 98 77,Romont (Be),Switzerland
Lavanya Pujari,female,lavanya.pujari@example.com,8379844216,Mysore,India
Yolanda Moraes,female,yolanda.moraes@example.com,(19) 1534-8207,Serra,Brazil
Walter Brown,male,walter.brown@example.com,041-854-2595,Balbriggan,Ireland
Svitolyub Maykovich,male,svitolyub.maykovich@example.com,(097) F34-9758,Kerch,Ukraine
Maxime Patel,male,maxime.patel@example.com,X29 M14-5872,Beaumont,Canada
Aida Lugo,female,aida.lugo@example.com,(680) 842 2317,Pinotepa de Don Luis,Mexico
Shane Bowman,male,shane.bowman@example.com,00-9173-6765,Bundaberg,Australia
Aubree Barnes,female,aubree.barnes@example.com,(609) 645-8117,Anaheim,United States
Debra Medina,female,debra.medina@example.com,(580) 377-5901,Scottsdale,United States
João Lefebvre,male,joao.lefebvre@example.com,077 734 27 72,Ballwil,Switzerland
Candice Berger,female,candice.berger@example.com,03-23-49-72-70,Nantes,France
Charles Green,male,charles.green@example.com,(781) 894-8307,Princeton,United States
Dylan Côté,male,dylan.cote@example.com,R49 Q06-9251,Lumsden,Canada
Beatriz Ortiz,female,beatriz.ortiz@example.com,957-519-825,Toledo,Spain
Virgil Newman,male,virgil.newman@example.com,011-239-7849,Oranmore,Ireland
Anika Jain,female,anika.jain@example.com,7654845669,Bathinda,India
Peremila Belskiy,female,peremila.belskiy@example.com,(098) A09-3964,Dnipro,Ukraine
Patrick Edwards,male,patrick.edwards@example.com,(869)-127-9505,Lower Hutt,New Zealand
Kirk Lawrence,male,kirk.lawrence@example.com,00-0263-8063,Sydney,Australia
Kaća Sokolović,female,kaca.sokolovic@example.com,039-8566-537,Senta,Serbia
Sara Evans,female,sara.evans@example.com,015394 37028,St Albans,United Kingdom
Marinei de Souza,female,marinei.desouza@example.com,(48) 5152-1788,São Leopoldo,Brazil
Akseli Raisanen,male,akseli.raisanen@example.com,06-434-030,Vieremä,Finland
Roxy Goudzwaard,female,roxy.goudzwaard@example.com,(0623) 249052,Delfstrahuizen,Netherlands
Ruby Edwards,female,ruby.edwards@example.com,(296)-234-6696,Christchurch,New Zealand
Carrie Spencer,female,carrie.spencer@example.com,(468) 284-8856,Seagoville,United States
Soncedara Harhalis,female,soncedara.harhalis@example.com,(068) L22-4108,Pereyaslav,Ukraine
Débora Gonzales,female,debora.gonzales@example.com,(676) 321 0531,El Cargadero,Mexico
Volodimira Movchan,female,volodimira.movchan@example.com,(068) P07-0641,Gorodnya,Ukraine
Noa Øvrebø,male,noa.ovrebo@example.com,33165966,Hardbakke,Norway
Ratimir Zubrickiy,male,ratimir.zubrickiy@example.com,(066) A85-9366,Armyansk,Ukraine
Léia Monteiro,female,leia.monteiro@example.com,(21) 1472-8773,Florianópolis,Brazil
Susana Ruiz,female,susana.ruiz@example.com,909-283-994,Santiago de Compostela,Spain
Joana Schade,female,joana.schade@example.com,0771-6343215,Wasungen,Germany
Wojciech Sandhåland,male,wojciech.sandhaland@example.com,50139436,Svolvær,Norway
Ian Powell,male,ian.powell@example.com,(762) 700-9623,Waco,United States
Agustín Sanz,male,agustin.sanz@example.com,974-539-419,Cuenca,Spain
Batur Ayverdi,male,batur.ayverdi@example.com,(188)-118-8966,Aydın,Turkey
سام علیزاده,male,sm.aalyzdh@example.com,095-26400147,رشت,Iran
Randy Carroll,male,randy.carroll@example.com,01-0138-2805,Traralgon,Australia
Troy Ray,male,troy.ray@example.com,01-8791-0960,Mackay,Australia
Oğuzhan Elçiboğa,male,oguzhan.elciboga@example.com,(660)-228-3043,Denizli,Turkey
Olivia Bergeron,female,olivia.bergeron@example.com,B02 S41-2719,Windsor,Canada
Elzira Gomes,female,elzira.gomes@example.com,(23) 2584-9194,Ribeirão Pires,Brazil
Niklas Rintala,male,niklas.rintala@example.com,07-027-375,Harjavalta,Finland
Olivier Harcourt,male,olivier.harcourt@example.com,E83 D16-8973,Sutton,Canada
Ignacio Carmona,male,ignacio.carmona@example.com,931-341-731,Córdoba,Spain
Eilif Schjetne,male,eilif.schjetne@example.com,89783687,Blaker,Norway
Ørjan Engstad,male,orjan.engstad@example.com,67538023,Vikevåg,Norway
کیمیا کامروا,female,khymy.khmrw@example.com,087-78589355,همدان,Iran
Colette Marie,female,colette.marie@example.com,076 068 01 78,Radelfingen,Switzerland
Zachary Lam,male,zachary.lam@example.com,G99 E59-4318,Deer Lake,Canada
Reginald Garrett,male,reginald.garrett@example.com,(856) 423-9535,Boulder,United States
Gilberto Ballesteros,male,gilberto.ballesteros@example.com,(664) 279 3886,Jonacatepec,Mexico
Rosa Diaz,female,rosa.diaz@example.com,911-151-294,Santiago de Compostela,Spain
Leonora Egeli,female,leonora.egeli@example.com,64187048,Høllen,Norway
Deniz Doğan,female,deniz.dogan@example.com,(019)-575-4974,Eskişehir,Turkey
Caroline Christiansen,female,caroline.christiansen@example.com,83080850,Aarhus,Denmark
Paula Ramos,female,paula.ramos@example.com,918-268-946,Zaragoza,Spain
Toby Martin,male,toby.martin@example.com,(203)-474-8321,Whanganui,New Zealand
Sedef Erginsoy,female,sedef.erginsoy@example.com,(372)-991-1734,Erzincan,Turkey
Avery Steward,female,avery.steward@example.com,0171 996 4286,Wakefield,United Kingdom
Clara Bélanger,female,clara.belanger@example.com,K87 T90-6782,Beaumont,Canada
Gunnar Williams,male,gunnar.williams@example.com,27562691,Jessheim,Norway
Gopal Padmanabha,male,gopal.padmanabha@example.com,8247176011,Fatehpur,India
Ava Henry,female,ava.henry@example.com,04-74-67-96-98,Montpellier,France
Alexander Kirkerud,male,alexander.kirkerud@example.com,88095829,Lein,Norway
Christa Färber,female,christa.farber@example.com,0738-4095445,Geestland,Germany
Suchita Vernekar,female,suchita.vernekar@example.com,7659468051,Kirari Suleman Nagar,India
Tilde Petersen,female,tilde.petersen@example.com,83577839,Sandved,Denmark
Soline Petit,female,soline.petit@example.com,05-35-41-84-94,Fort-de-France,France
Armin Børsheim,male,armin.borsheim@example.com,72455927,Torhaug,Norway
Clyde Stewart,male,clyde.stewart@example.com,016973 87604,Chichester,United Kingdom
Nayeli Caraballo,female,nayeli.caraballo@example.com,(681) 299 1803,Tulimán,Mexico
Imko Streekstra,male,imko.streekstra@example.com,(019) 3870586,Schalkhaar,Netherlands
سوگند قاسمی,female,swgnd.qsmy@example.com,074-91077781,شهریار,Iran
Yulian Slyusarenko,male,yulian.slyusarenko@example.com,(098) G74-6775,Novogrodivka,Ukraine
Sophia Kalb,female,sophia.kalb@example.com,0972-9263501,Bernsdorf,Germany
Angelica Thomsen,female,angelica.thomsen@example.com,70974982,Hemnesberget,Norway
Kelly Nguyen,female,kelly.nguyen@example.com,01312 249009,Glasgow,United Kingdom
Marian Shelton,female,marian.shelton@example.com,(499) 867-9051,Steilacoom,United States
Nayana Uchil,female,nayana.uchil@example.com,8368142555,Barasat,India
Julien Girard,male,julien.girard@example.com,02-45-25-96-23,Lille,France
Pedro Mills,male,pedro.mills@example.com,(843) 788-7596,St. Louis,United States
José Mora,female,jose.mora@example.com,969-594-077,Albacete,Spain
Myrtha Renard,female,myrtha.renard@example.com,078 979 30 70,Maggia,Switzerland
Timmothy Armstrong,male,timmothy.armstrong@example.com,01-6247-2379,Warragul,Australia
Afonso Henriques Silva,male,afonsohenriques.silva@example.com,(64) 0604-7187,Paulista,Brazil
Deann Herrera,female,deann.herrera@example.com,03-5957-2175,Mackay,Australia
Signe Kristensen,female,signe.kristensen@example.com,27409827,Oure,Denmark
Nicole Peterson,female,nicole.peterson@example.com,011-143-4703,Thurles,Ireland
محمد نجاتی,male,mhmd.njty@example.com,008-39998311,نجف‌آباد,Iran
Ruža Ćirić,female,ruza.ciric@example.com,014-9902-187,Vrbas,Serbia
Daniel Harper,male,daniel.harper@example.com,05-3988-5495,Launceston,Australia
Aldónio Viana,male,aldonio.viana@example.com,(06) 9639-8101,Caxias,Brazil
Samuel Gil,male,samuel.gil@example.com,963-897-769,Lugo,Spain
Vidya Dhamdhame,female,vidya.dhamdhame@example.com,8270630828,Loni,India
Emily Ma,female,emily.ma@example.com,O16 X37-3734,Russell,Canada
Ross Wallace,male,ross.wallace@example.com,031-843-3274,Shannon,Ireland
Frederik Sørensen,male,frederik.sorensen@example.com,75918970,Silkeboeg,Denmark
Nurgül Van den Nieuwendijk,female,nurgul.vandennieuwendijk@example.com,(090) 1400222,Ermelo,Netherlands
اميرمحمد حیدری,male,myrmhmd.hydry@example.com,043-48935337,نجف‌آباد,Iran
فاطمه زهرا جعفری,female,ftmhzhr.jaafry@example.com,022-97950049,آمل,Iran
Eileen Mendoza,female,eileen.mendoza@example.com,05-2537-8848,Albury,Australia
Jar Mitchell,male,jar.mitchell@example.com,(584) 418-9355,Tallahassee,United States
Lauri Wiitala,male,lauri.wiitala@example.com,08-655-325,Nokia,Finland
Nathaniel Cox,male,nathaniel.cox@example.com,071-316-9390,Kells,Ireland
Lorenzo Sommer,male,lorenzo.sommer@example.com,0334-3322930,Peitz,Germany
Yavir Vasilchenko,male,yavir.vasilchenko@example.com,(066) H77-6782,Kramatorsk,Ukraine
Eckehard John,male,eckehard.john@example.com,0101-9859908,Gaggenau,Germany
عسل محمدخان,female,aasl.mhmdkhn@example.com,053-92630390,پاکدشت,Iran
Meghana Uchil,female,meghana.uchil@example.com,9569542405,Parbhani,India
Clélia Ribeiro,female,clelia.ribeiro@example.com,(28) 6549-4262,Palmas,Brazil
Vanessa Fontai,female,vanessa.fontai@example.com,075 903 40 55,Untervaz,Switzerland
Advaith Padmanabha,male,advaith.padmanabha@example.com,7558683312,Amaravati,India
Roma Ramos,female,roma.ramos@example.com,(32) 8666-6975,Maringá,Brazil
Darciela Ferreira,female,darciela.ferreira@example.com,(55) 0333-1175,Guarujá,Brazil
آراد حسینی,male,ard.hsyny@example.com,026-27446686,اصفهان,Iran
Ron Watson,male,ron.watson@example.com,03-3487-8854,Hervey Bay,Australia
Kalina Makeienko,female,kalina.makeienko@example.com,(066) S67-5906,Bilozerske,Ukraine
Ege Elmastaşoğlu,female,ege.elmastasoglu@example.com,(227)-777-3898,Ağrı,Turkey
آرمین سلطانی نژاد,male,armyn.sltnynjd@example.com,056-19848730,ساوه,Iran
Alfred Larson,male,alfred.larson@example.com,017684 02717,Wells,United Kingdom
Kyle Herrera,male,kyle.herrera@example.com,02-0487-3338,Albury,Australia
رضا جعفری,male,rd.jaafry@example.com,030-98770844,سبزوار,Iran
Lourdes Cortes,female,lourdes.cortes@example.com,901-270-514,Barcelona,Spain
Jade Ma,female,jade.ma@example.com,J94 T54-9045,Flatrock,Canada
Xavier Vargas,male,xavier.vargas@example.com,935-742-161,Lorca,Spain
Kolodara Strashkevich,female,kolodara.strashkevich@example.com,(099) K85-8350,Novoukrayinka,Ukraine
Ceylan Barbarosoğlu,female,ceylan.barbarosoglu@example.com,(640)-479-0956,Elazığ,Turkey
Dragica Janković,female,dragica.jankovic@example.com,025-3653-240,Sjenica,Serbia
Kurt Macrae,male,kurt.macrae@example.com,01868 371565,Exeter,United Kingdom
Mirjana Lončarević,female,mirjana.loncarevic@example.com,016-2737-134,Tutin,Serbia
Ece Akal,female,ece.akal@example.com,(017)-014-4666,Aydın,Turkey
Nurdan Balaban,female,nurdan.balaban@example.com,(626)-841-6791,Kocaeli,Turkey
Danko Milovanović,male,danko.milovanovic@example.com,023-9800-009,Ćuprija,Serbia
Ljubica Anđelić,female,ljubica.andelic@example.com,033-2467-563,Arilje,Serbia
Amelia Slawa,female,amelia.slawa@example.com,X97 P54-1428,Lasalle,Canada
Cléo Moreau,male,cleo.moreau@example.com,03-28-09-08-56,Perpignan,France
Ann Sutton,female,ann.sutton@example.com,(648) 439-3399,Carlsbad,United States
Julio Diaz,male,julio.diaz@example.com,06-8148-3329,Toowoomba,Australia
Maia Hughes,female,maia.hughes@example.com,(206)-690-2158,Wellington,New Zealand
Maia King,female,maia.king@example.com,(244)-364-3914,New Plymouth,New Zealand
Lotta Lehtonen,female,lotta.lehtonen@example.com,03-954-997,Vehmaa,Finland
Georgina Gnativ,female,georgina.gnativ@example.com,(066) D95-2363,Rahiv,Ukraine
Jennie Jordan,female,jennie.jordan@example.com,(438) 351-5353,Anchorage,United States
Gabriel Delgado,male,gabriel.delgado@example.com,904-267-439,Ferrol,Spain
Sebastian Blanchard,male,sebastian.blanchard@example.com,077 498 49 42,Cugnasco-Gerra,Switzerland
Anne-Jan Sinnige,male,anne-jan.sinnige@example.com,(0931) 135897,Loo,Netherlands
Angèle Dupont,female,angele.dupont@example.com,03-71-20-11-14,Saint-Denis,France
Freja Møller,female,freja.moller@example.com,08381337,Beder,Denmark
Mihaela Pantelić,female,mihaela.pantelic@example.com,028-3833-332,Mali Iđoš,Serbia
Annelene Schaub,female,annelene.schaub@example.com,0214-1256042,Kirchen (Sieg),Germany
Emilie Gjerdrum,female,emilie.gjerdrum@example.com,57831616,Dombås,Norway
Charles Williams,male,charles.williams@example.com,J52 U59-3560,Carleton,Canada
Vilma Lampinen,female,vilma.lampinen@example.com,06-163-006,Kolari,Finland
Naja Olsen,female,naja.olsen@example.com,57175819,Brondby,Denmark
Karla Sørensen,female,karla.sorensen@example.com,24440217,Sundby,Denmark
Dileep Tipparti,male,dileep.tipparti@example.com,8308884228,Kamarhati,India
Vedat Aydan,male,vedat.aydan@example.com,(103)-147-4781,Karaman,Turkey
Jeanne Singh,female,jeanne.singh@example.com,J72 T25-8584,Richmond,Canada
Lukasz Segaar,male,lukasz.segaar@example.com,(082) 9381486,Meerkerk,Netherlands
Tomas Soto,male,tomas.soto@example.com,995-894-234,Arrecife,Spain
Emma Ramirez,female,emma.ramirez@example.com,(255) 303-7591,Richardson,United States
Janno Erven,male,janno.erven@example.com,(0825) 329478,Heide,Netherlands
Okan Sarıoğlu,male,okan.sarioglu@example.com,(694)-851-3660,Samsun,Turkey
Ted Gordon,male,ted.gordon@example.com,(863) 562-8872,Boston,United States
Leposava Topić,female,leposava.topic@example.com,010-5309-864,Mali Iđoš,Serbia
Diane Walker,female,diane.walker@example.com,061-874-0700,Drogheda,Ireland
Philip Sirko,male,philip.sirko@example.com,L10 C30-5005,Field,Canada
النا حسینی,female,ln.hsyny@example.com,099-06068450,گلستان,Iran
Soham Roberts,male,soham.roberts@example.com,017684 80254,Sheffield,United Kingdom
Nascimento de Souza,male,nascimento.desouza@example.com,(22) 2283-9841,Nova Friburgo,Brazil
Johan Mortensen,male,johan.mortensen@example.com,59176434,Bælum,Denmark
Judd Baker,male,judd.baker@example.com,(232) 666-5155,Surrey,United States
Bob Mccoy,male,bob.mccoy@example.com,019467 10476,Ripon,United Kingdom
Loulou Van Dorssen,female,loulou.vandorssen@example.com,(0561) 403740,Bennebroek,Netherlands
Mira Miljković,female,mira.miljkovic@example.com,025-2862-400,Žagubica,Serbia
Alicia Jennings,female,alicia.jennings@example.com,(336) 885-5180,West Covina,United States
Rachel Murphy,female,rachel.murphy@example.com,(598) 740-1264,Laredo,United States
Kenneth Rice,male,kenneth.rice@example.com,(242) 980-5053,Forney,United States
Meral Akışık,female,meral.akisik@example.com,(346)-652-6242,Karaman,Turkey
Nicklas Sørensen,male,nicklas.sorensen@example.com,84844575,Sundby,Denmark
Lonneke Reedijk,female,lonneke.reedijk@example.com,(0539) 894325,Oudemolen Nb,Netherlands
Juan Carlos Riojas,male,juancarlos.riojas@example.com,(634) 295 3302,Plan de Ayala (Santa Rosa),Mexico
Óscar Miranda,male,oscar.miranda@example.com,(608) 730 6778,Ahuehuepan,Mexico
Jessica Robertson,female,jessica.robertson@example.com,026 5915 8823,Belfast,United Kingdom
Gulyayviter Gricyuk,male,gulyayviter.gricyuk@example.com,(067) L69-3773,Vasilivka,Ukraine
Greg Day,male,greg.day@example.com,(464) 683-4924,Stanley,United States
Matija Nemanjić,male,matija.nemanjic@example.com,036-5437-366,Nova Varoš,Serbia
Mia Fitzsimmons,female,mia.fitzsimmons@example.com,021-204-2576,Shannon,Ireland
Kim Romero,female,kim.romero@example.com,029 6837 9825,Swansea,United Kingdom
Žarko Bajević,male,zarko.bajevic@example.com,032-6895-282,Odžaci,Serbia
Elioenai Porto,male,elioenai.porto@example.com,(14) 3448-4181,Ubá,Brazil
Olga Martínez,female,olga.martinez@example.com,915-204-789,Santander,Spain
Martha Saiz,female,martha.saiz@example.com,(692) 396 8397,Bahía Tortugas,Mexico
Sofia Poulsen,female,sofia.poulsen@example.com,79928551,Horsens,Denmark
Léane Mathieu,female,leane.mathieu@example.com,04-91-13-91-50,Nanterre,France
Nikolaj Olsen,male,nikolaj.olsen@example.com,73388644,Agerbæk,Denmark
Rosalinde Huppertz,female,rosalinde.huppertz@example.com,0246-6720621,Süßen,Germany
Sven Lohne,male,sven.lohne@example.com,53984738,Revetal,Norway
Peyton Dean,female,peyton.dean@example.com,(849) 234-8665,Moreno Valley,United States
Dan Rice,male,dan.rice@example.com,017683 10364,Bangor,United Kingdom
Muammer Klink,male,muammer.klink@example.com,(0450) 088728,Haulerwijk,Netherlands
Dijana Vujić,female,dijana.vujic@example.com,027-4757-836,Užice,Serbia
Giulia Rousseau,female,giulia.rousseau@example.com,04-52-54-86-63,Limoges,France
Fletcher Harris,male,fletcher.harris@example.com,(230)-565-2495,Whanganui,New Zealand
Dulce María Rojo,female,dulcemaria.rojo@example.com,(600) 479 0407,Nayarit Llamada,Mexico
Ilan Brun,male,ilan.brun@example.com,05-82-26-92-69,Orléans,France
Fred Sanchez,male,fred.sanchez@example.com,00-1715-4282,Bendigo,Australia
Charlene Walters,female,charlene.walters@example.com,03-9720-6603,Ballarat,Australia
Marcus Wood,male,marcus.wood@example.com,(625)-849-5184,Greymouth,New Zealand
Erik Gerard,male,erik.gerard@example.com,076 699 83 63,Bellmund,Switzerland
Conrado Rolón,male,conrado.rolon@example.com,(615) 637 8522,Santa María Chilapa de Díaz,Mexico
Vanderléia Monteiro,female,vanderleia.monteiro@example.com,(49) 6507-8066,Itapetininga,Brazil
Natalia Fernández,female,natalia.fernandez@example.com,984-373-142,Lugo,Spain
Avtonom Kurovski,male,avtonom.kurovski@example.com,(098) E36-7303,Konotop,Ukraine
Kuzman Šotra,male,kuzman.sotra@example.com,013-7455-184,Aranđelovac,Serbia
Anni Juntunen,female,anni.juntunen@example.com,08-626-306,Kaskinen,Finland
Soledad Báez,female,soledad.baez@example.com,(686) 383 8771,Charo,Mexico
Heidi Stanley,female,heidi.stanley@example.com,02-0000-5023,Bowral,Australia
Ruslana Smiljanić,female,ruslana.smiljanic@example.com,020-3892-220,Batočina,Serbia
Mia Hall,female,mia.hall@example.com,015396 17197,Sunderland,United Kingdom
Marvin Jimenez,male,marvin.jimenez@example.com,(537) 338-2616,Memphis,United States
Laura Naranjo,female,laura.naranjo@example.com,(600) 915 4740,Yoricostio (La Villita),Mexico
Malene Helliesen,female,malene.helliesen@example.com,32397622,Rausand,Norway
مهراد مرادی,male,mhrd.mrdy@example.com,085-18784091,کرمان,Iran
Zara Martin,female,zara.martin@example.com,(466)-929-4899,New Plymouth,New Zealand
Nelly Melgar,male,nelly.melgar@example.com,(646) 390 0059,Tanganhuato,Mexico
Marina Jakšić,female,marina.jaksic@example.com,031-0993-435,Kovin,Serbia
Edgar Puschmann,male,edgar.puschmann@example.com,0934-6667174,Oerlinghausen,Germany
Brad Fitzsimmons,male,brad.fitzsimmons@example.com,051-880-3425,Ballinasloe,Ireland
Carl Christensen,male,carl.christensen@example.com,00932955,Nørre Sundby,Denmark
Jara Laurent,female,jara.laurent@example.com,079 009 51 87,Le Chenit,Switzerland
Diane Thomas,female,diane.thomas@example.com,01-29-50-93-78,Tourcoing,France
Vivan Caldwell,female,vivan.caldwell@example.com,02-1412-1353,Townsville,Australia
Meral Bakırcıoğlu,female,meral.bakircioglu@example.com,(513)-417-5118,Denizli,Turkey
Ege Aclan,male,ege.aclan@example.com,(395)-736-1628,Isparta,Turkey
Eleanor Harris,female,eleanor.harris@example.com,011-283-9859,Fermoy,Ireland
Alice Roy,female,alice.roy@example.com,N38 S70-0230,Burlington,Canada
Carolyn Gray,female,carolyn.gray@example.com,01516 738659,Swansea,United Kingdom
Emily Morris,female,emily.morris@example.com,041-074-9002,Trim,Ireland
اميرمحمد جعفری,male,myrmhmd.jaafry@example.com,032-85693714,ایلام,Iran
Jean-François Roux,male,jean-francois.roux@example.com,075 811 67 81,Hochwald,Switzerland
Naomi Thomas,female,naomi.thomas@example.com,03-27-09-07-40,Aubervilliers,France
Luis Poos,male,luis.poos@example.com,(0237) 547989,Holten,Netherlands
Carter Smith,male,carter.smith@example.com,J27 K20-8347,Chesterville,Canada
Sapthashree Singh,female,sapthashree.singh@example.com,7144330127,Serampore,India
Blake Johnson,male,blake.johnson@example.com,(603)-453-8394,Greymouth,New Zealand
Hans-Georg Ohl,male,hans-georg.ohl@example.com,0939-8659684,Chemnitzer Land,Germany
Susanna Byrd,female,susanna.byrd@example.com,0121 928 1135,Belfast,United Kingdom
Eliza Holmes,female,eliza.holmes@example.com,021-729-1945,Longford,Ireland
Bhoomika Rajesh,female,bhoomika.rajesh@example.com,7863545014,Mysore,India
Vanessa Stanley,female,vanessa.stanley@example.com,016977 26663,Canterbury,United Kingdom
Noëlle Vincent,female,noelle.vincent@example.com,075 893 75 33,Männedorf,Switzerland
Juno Aragão,male,juno.aragao@example.com,(05) 6470-9906,Timon,Brazil
Tanish Anand,male,tanish.anand@example.com,8820092740,Salem,India
Enrique Berry,male,enrique.berry@example.com,04-6072-7108,Maitland,Australia
Morgane Blanchard,female,morgane.blanchard@example.com,01-96-97-83-96,Montpellier,France
Liam White,male,liam.white@example.com,(422)-607-9226,Taupo,New Zealand
Marilou Brar,female,marilou.brar@example.com,H61 R58-6292,Winfield,Canada
Ale Meijering,male,ale.meijering@example.com,(0195) 246597,Schoondijke,Netherlands
Tihomir Šarović,male,tihomir.sarovic@example.com,017-2369-513,Gornji Milanovac,Serbia
Troyana Malezhik,female,troyana.malezhik@example.com,(098) I20-2802,Irpin,Ukraine
Esma Ekici,female,esma.ekici@example.com,(275)-227-6312,Şırnak,Turkey
Aatu Kalm,male,aatu.kalm@example.com,04-424-996,Ilomantsi,Finland
Wolfgang Hubert,male,wolfgang.hubert@example.com,078 869 34 89,Staldenried,Switzerland
Gertrudes Rocha,female,gertrudes.rocha@example.com,(99) 3074-9972,Salto,Brazil
Ryder Clarke,male,ryder.clarke@example.com,(894)-638-7908,Whangarei,New Zealand
Kate Romero,female,kate.romero@example.com,015395 65621,Wells,United Kingdom
Karla Poulsen,female,karla.poulsen@example.com,68522870,Kongsvinger,Denmark
Dinis Monteiro,male,dinis.monteiro@example.com,(84) 6455-2732,Presidente Prudente,Brazil
Evie Patel,female,evie.patel@example.com,(430)-400-3381,Invercargill,New Zealand
Espartaco Granados,male,espartaco.granados@example.com,(623) 755 9028,Acayucan,Mexico
Alexander Ennis,male,alexander.ennis@example.com,K38 D81-1442,Cartwright,Canada
Katrina Moreno,female,katrina.moreno@example.com,(808) 892-4297,Omaha,United States
Dalemil Shapoval,male,dalemil.shapoval@example.com,(099) C85-4917,Zalishchiki,Ukraine
Katarina Dupont,female,katarina.dupont@example.com,077 280 47 11,Rheinfelden,Switzerland
Miquel Van Keulen,male,miquel.vankeulen@example.com,(0447) 975011,Westdorpe,Netherlands
Elise Thomas,female,elise.thomas@example.com,05-76-13-34-60,Dijon,France
Louise Da Silva,female,louise.dasilva@example.com,01-33-52-61-69,Besançon,France
Maiko Luiten,male,maiko.luiten@example.com,(000) 2453472,Alphen Gld,Netherlands
Sarah Duncan,female,sarah.duncan@example.com,(404) 935-9730,Burbank,United States
Jimi Lampinen,male,jimi.lampinen@example.com,09-094-240,Korsnäs,Finland
Clifton Andrews,male,clifton.andrews@example.com,06-5737-0708,Geelong,Australia
Derek Alexander,male,derek.alexander@example.com,01-7911-9659,Wollongong,Australia
Antoine Fleury,male,antoine.fleury@example.com,01-03-58-89-97,Besançon,France
Tobias Nielsen,male,tobias.nielsen@example.com,28234936,København V,Denmark
Ryan Schildkamp,female,ryan.schildkamp@example.com,(027) 8485972,Ursem gem Alkmaar,Netherlands
Holger Roussel,male,holger.roussel@example.com,079 420 36 54,Fahy,Switzerland
Ansgar Kühner,male,ansgar.kuhner@example.com,0709-1230576,Troisdorf,Germany
آرمین محمدخان,male,armyn.mhmdkhn@example.com,034-42205104,کرمانشاه,Iran
Gustavo Zapata,male,gustavo.zapata@example.com,(632) 230 8627,Guachinango,Mexico
Tara Frøyland,female,tara.froyland@example.com,63488257,Ilseng,Norway
Olivier Novak,male,olivier.novak@example.com,U67 J39-6799,Princeton,Canada
بنیامین قاسمی,male,bnymyn.qsmy@example.com,065-39944590,شهریار,Iran
Raymond Rogers,male,raymond.rogers@example.com,021-167-3135,Navan,Ireland
Dulce María Solís,female,dulcemaria.solis@example.com,(628) 655 4068,Toluca,Mexico
Marcela Regalado,female,marcela.regalado@example.com,(670) 720 4233,Miacatlán,Mexico
Walter Perez,male,walter.perez@example.com,078 139 53 15,Worb,Switzerland
Carl Jørgensen,male,carl.jorgensen@example.com,05804840,Nykøbing F,Denmark
Chrisje Kuijf,female,chrisje.kuijf@example.com,(0077) 329939,Bennekom,Netherlands
Yash Tipparti,male,yash.tipparti@example.com,9507008957,Jamnagar,India
Gayathri Kamath,female,gayathri.kamath@example.com,8959169853,Shimla,India
Concepción Ibáñez,female,concepcion.ibanez@example.com,963-147-017,La Palma,Spain
Gül Yazıcı,female,gul.yazici@example.com,(603)-289-5248,Muş,Turkey
Annelinde Kraaijvanger,female,annelinde.kraaijvanger@example.com,(0046) 296935,Wouwse Plantage,Netherlands
Haritina Voroniy,female,haritina.voroniy@example.com,(066) T12-3482,Gadyach,Ukraine
Minea Laitinen,female,minea.laitinen@example.com,02-656-954,Orimattila,Finland
Alex Nieto,male,alex.nieto@example.com,905-142-328,Santander,Spain
پوریا موسوی,male,pwry.mwswy@example.com,000-71293483,بوشهر,Iran
Adam Petersen,male,adam.petersen@example.com,19260235,Branderup J,Denmark
Ana María Arguello,female,anamaria.arguello@example.com,(667) 382 0060,Manzanillo,Mexico
Ümit Özbir,male,umit.ozbir@example.com,(004)-252-8362,Denizli,Turkey
Ludovino Teixeira,male,ludovino.teixeira@example.com,(29) 1276-5275,Codó,Brazil
Rachel Carr,female,rachel.carr@example.com,01-1269-5223,Devonport,Australia
Silviane de Souza,female,silviane.desouza@example.com,(73) 3420-8862,Palhoça,Brazil
Vicente Ramos,male,vicente.ramos@example.com,925-562-793,Móstoles,Spain
Maja Henke,female,maja.henke@example.com,0465-7156846,Lauterbach,Germany
Alexandra Dunn,female,alexandra.dunn@example.com,01226 24614,Leicester,United Kingdom
Elvira Olhivskiy,female,elvira.olhivskiy@example.com,(066) I92-1397,Druzhba,Ukraine
Nella Tuomi,female,nella.tuomi@example.com,06-723-206,Saltvik,Finland
Steven Dean,male,steven.dean@example.com,041-667-1639,Sligo,Ireland
Horacio Lira,male,horacio.lira@example.com,(621) 324 2443,Tecuala,Mexico
Matthew Pelletier,male,matthew.pelletier@example.com,J93 T03-6071,Fountainbleu,Canada
Jeanette Reynolds,female,jeanette.reynolds@example.com,07-2753-4782,Mildura,Australia
Storm Mortensen,male,storm.mortensen@example.com,14065261,Ishoej,Denmark
Camila Monroy,female,camila.monroy@example.com,(679) 882 3039,Ixcapuzalco,Mexico
Necati Akay,male,necati.akay@example.com,(204)-999-9656,Erzurum,Turkey
Louise Butler,female,louise.butler@example.com,021-187-7727,Birr,Ireland
Priya Naik,female,priya.naik@example.com,9919857509,Rewa,India
Lawrence Andrews,male,lawrence.andrews@example.com,021-021-3574,Oranmore,Ireland
Selim Francois,male,selim.francois@example.com,075 412 78 03,Safenwil,Switzerland
Ayse Simon,female,ayse.simon@example.com,077 824 30 98,Splügen,Switzerland
Margie Long,female,margie.long@example.com,08-4277-6703,Melbourne,Australia
Bilal Olufsen,male,bilal.olufsen@example.com,53114431,Krøderen,Norway
Liam Butler,male,liam.butler@example.com,01-7339-9036,Warrnambool,Australia
Izolda Dokić,female,izolda.dokic@example.com,036-8768-314,Gornji Milanovac,Serbia
النا جعفری,female,ln.jaafry@example.com,002-89541366,کرمانشاه,Iran
Becky Curtis,female,becky.curtis@example.com,(635) 459-3019,Rochmond,United States
Engin Ostermeier,male,engin.ostermeier@example.com,0571-9382999,Balve,Germany
Benjamin Mortensen,male,benjamin.mortensen@example.com,17817718,Sørvad,Denmark
Ralf-Peter Zimmer,male,ralf-peter.zimmer@example.com,0819-4068290,Steinau an der Straße,Germany
Charlotte Rice,female,charlotte.rice@example.com,051-593-0449,Mountmellick,Ireland
Lotta Salonen,female,lotta.salonen@example.com,05-496-263,Ylivieska,Finland
Suzana Almeida,female,suzana.almeida@example.com,(37) 8009-3448,Várzea Paulista,Brazil
Alexis Côté,male,alexis.cote@example.com,T42 O53-9020,Lloydminster,Canada
Ilona Thieme,female,ilona.thieme@example.com,0054-2222542,Nordfriesland,Germany
Meral Günday,female,meral.gunday@example.com,(847)-577-7792,Çankırı,Turkey
Timian Repstad,male,timian.repstad@example.com,75180884,Oppeid,Norway
Kazka Fedenko,female,kazka.fedenko@example.com,(068) G42-7308,Arciz,Ukraine
Holly Walker,female,holly.walker@example.com,(898)-622-1671,Christchurch,New Zealand
Pranit Thampy,male,pranit.thampy@example.com,9246968819,Cuttack,India
Alberte Olsen,female,alberte.olsen@example.com,35265438,Horsens,Denmark
Viljami Aho,male,viljami.aho@example.com,08-877-154,Sodankylä,Finland
Alette Fjæreide,female,alette.fjaereide@example.com,56316658,Svalia,Norway
Lesa Arnold,female,lesa.arnold@example.com,05-9428-1212,Sunshine Coast,Australia
Ricardo Vincent,male,ricardo.vincent@example.com,077 326 16 20,Tübach,Switzerland
Marina Karanović,female,marina.karanovic@example.com,017-8845-576,Bač,Serbia
Jakub Xu,male,jakub.xu@example.com,57069568,Fjellstrand,Norway
Vildan Aybar,female,vildan.aybar@example.com,(180)-825-0700,Burdur,Turkey
Alicia Wilson,female,alicia.wilson@example.com,S01 L48-1822,Cochrane,Canada
Obrad Mihajlović,male,obrad.mihajlovic@example.com,018-3923-044,Plandište,Serbia
Siniša Vujičić,male,sinisa.vujicic@example.com,023-4503-451,Nova Crnja,Serbia
Mathis Ma,male,mathis.ma@example.com,H06 W18-8078,Greenwood,Canada
Troy Castillo,male,troy.castillo@example.com,015242 35074,Ely,United Kingdom
Sofia Pastor,female,sofia.pastor@example.com,935-716-182,Ferrol,Spain
Augustin Schmelz,male,augustin.schmelz@example.com,0524-8375099,Elterlein,Germany
Vildan Menemencioğlu,female,vildan.menemencioglu@example.com,(288)-982-1505,Artvin,Turkey
Gonca Biçer,female,gonca.bicer@example.com,(029)-350-7470,Bolu,Turkey
Lycke Havekes,female,lycke.havekes@example.com,(0244) 313265,Terschuur,Netherlands
Tino Zöllner,male,tino.zollner@example.com,0681-8031843,Dillenburg,Germany
Nisha Prabhu,female,nisha.prabhu@example.com,8026409755,Aurangabad,India
Greg Lawson,male,greg.lawson@example.com,061-825-8958,Clane,Ireland
Kristin Ward,female,kristin.ward@example.com,051-861-6607,Clane,Ireland
Amanda Karjala,female,amanda.karjala@example.com,03-633-130,Kökar,Finland
Mille Kristensen,male,mille.kristensen@example.com,90491609,Noerre Alslev,Denmark
Mikkel Jørgensen,male,mikkel.jorgensen@example.com,90867134,Odense Sv,Denmark
Maja Petersen,female,maja.petersen@example.com,30322389,Ansager,Denmark
Samuel Byrd,male,samuel.byrd@example.com,031-784-1507,Athy,Ireland
Katerina Volodkovich,female,katerina.volodkovich@example.com,(066) M96-6881,Gorlivka,Ukraine
Harsh Dsouza,male,harsh.dsouza@example.com,7205101799,Shimla,India
Gerald Freeman,male,gerald.freeman@example.com,(876) 887-2170,Gainesville,United States
Mila Portier,female,mila.portier@example.com,(0001) 719179,Warnsveld,Netherlands
Reynaldo Cuellar,male,reynaldo.cuellar@example.com,(665) 702 9582,Santander Jiménez,Mexico
Victoria Christiansen,female,victoria.christiansen@example.com,10418599,Skaerbaek,Denmark
Natalka Pokalchuk,female,natalka.pokalchuk@example.com,(098) W80-0307,Bucha,Ukraine
Rosa Kristensen,female,rosa.kristensen@example.com,03131302,Allinge,Denmark
Israel Espinoza,male,israel.espinoza@example.com,(646) 781 2531,Acapulco,Mexico
Rahel Gessner,female,rahel.gessner@example.com,0937-6053925,Neumarkt-Sankt Veit,Germany
Wendy Campbell,female,wendy.campbell@example.com,(929) 758-4425,Portland,United States
Monisha Ramesh,female,monisha.ramesh@example.com,8682511313,Chapra,India
Linus Boyer,male,linus.boyer@example.com,079 526 61 84,Dietikon,Switzerland
Zora Subašić,female,zora.subasic@example.com,019-3918-750,Rača,Serbia
Maeva Ma,female,maeva.ma@example.com,N89 R37-8122,Winfield,Canada
Sarah Morin,female,sarah.morin@example.com,F87 P33-6680,Hudson,Canada
Valentino Olivier,male,valentino.olivier@example.com,078 992 09 32,Givisiez,Switzerland
Jerónimo Roybal,male,jeronimo.roybal@example.com,(655) 206 8331,Jaltiche de Abajo,Mexico
Oona Ojala,female,oona.ojala@example.com,04-366-808,Ilomantsi,Finland
Carl Sanchez,male,carl.sanchez@example.com,(668) 400-3611,Killeen,United States
Noelle Pierce,female,noelle.pierce@example.com,06-6676-5991,Traralgon,Australia
Archer Johnson,male,archer.johnson@example.com,(311)-454-8083,Masterton,New Zealand
Manbir Kamath,male,manbir.kamath@example.com,8330023401,Gopalpur,India
Gerhild Merk,female,gerhild.merk@example.com,0054-7212074,Jülich,Germany
Andy Lopez,male,andy.lopez@example.com,021-640-5186,Swords,Ireland
Annalise Barbier,female,annalise.barbier@example.com,079 975 65 19,Blonay,Switzerland
Noah Turner,male,noah.turner@example.com,(926)-732-6634,Upper Hutt,New Zealand
Emma Lavoie,female,emma.lavoie@example.com,N90 Q33-0139,Maitland,Canada
Boleslav Anishchenko,male,boleslav.anishchenko@example.com,(099) R83-4882,Kam'yanka-Dniprovska,Ukraine
Eevi Jarvi,female,eevi.jarvi@example.com,09-220-280,Pudasjärvi,Finland
Olivia Valli,female,olivia.valli@example.com,02-190-491,Siikajoki,Finland
Florence Wallace,female,florence.wallace@example.com,051-438-9394,Duleek,Ireland
Gabriel Brewer,male,gabriel.brewer@example.com,061-676-5214,Drogheda,Ireland
هستی کوتی,female,hsty.khwty@example.com,012-82505134,ارومیه,Iran
Petra Olivier,female,petra.olivier@example.com,078 714 34 61,Frenkendorf,Switzerland
Granislav Mohnackiy,male,granislav.mohnackiy@example.com,(067) E68-8051,Vorozhba,Ukraine
Aleksej Aleksić,male,aleksej.aleksic@example.com,017-9804-008,Petrovac na Mlavi,Serbia
Marie Olsen,female,marie.olsen@example.com,51336918,Klitmøller,Denmark
Manuel Adams,male,manuel.adams@example.com,(426) 398-5233,Overland Park,United States
Christy Lowe,female,christy.lowe@example.com,(865) 337-9702,Los Lunas,United States
Johnny Rosenbrand,male,johnny.rosenbrand@example.com,(0799) 533572,Urmond,Netherlands
Ayaan Bansal,male,ayaan.bansal@example.com,8357957217,Raebareli,India
Ishwar Tipparti,male,ishwar.tipparti@example.com,8544178872,Solapur,India
Marianne Fortin,female,marianne.fortin@example.com,R56 B68-9519,Dorchester,Canada
Enni Honkala,female,enni.honkala@example.com,09-793-566,Rantasalmi,Finland
آوا محمدخان,female,aw.mhmdkhn@example.com,082-20687100,همدان,Iran
Diana Welch,female,diana.welch@example.com,021-485-6863,Dundalk,Ireland
Celestine Rolland,female,celestine.rolland@example.com,03-39-09-32-08,Paris,France
Antonio Horton,male,antonio.horton@example.com,017687 35810,Manchester,United Kingdom
Gonca Erbay,female,gonca.erbay@example.com,(163)-602-4217,Kilis,Turkey
Paige Hughes,female,paige.hughes@example.com,(286)-967-7631,Timaru,New Zealand
Alvina Moura,female,alvina.moura@example.com,(99) 2151-8353,Florianópolis,Brazil
Latife Çapanoğlu,female,latife.capanoglu@example.com,(106)-982-4268,Tekirdağ,Turkey
Consuelo Vicente,female,consuelo.vicente@example.com,982-885-338,Lorca,Spain
Dobroslav Tomović,male,dobroslav.tomovic@example.com,029-7552-661,Vladičin Han,Serbia
Anabel Granados,female,anabel.granados@example.com,(658) 054 1936,Yolotepec,Mexico
Jayden Gagné,male,jayden.gagne@example.com,L10 T58-5066,South River,Canada
Theo Chen,male,theo.chen@example.com,(345)-426-1743,Nelson,New Zealand
Vernislav Golota,male,vernislav.golota@example.com,(067) Q61-3076,Kopichinci,Ukraine
Dulcilene Carvalho,female,dulcilene.carvalho@example.com,(31) 1526-7420,Poços de Caldas,Brazil
Lauri Lampinen,male,lauri.lampinen@example.com,07-390-776,Hammarland,Finland
Perla Fernández,female,perla.fernandez@example.com,(652) 474 8461,Juchipila,Mexico
کیمیا سهيلي راد,female,khymy.shylyrd@example.com,061-55309478,آبادان,Iran
Orinder Shayana,male,orinder.shayana@example.com,7629820493,Imphal,India
Raúl Concepción,male,raul.concepcion@example.com,(699) 587 0428,Loma de Zempoala,Mexico
Ramon Gil,male,ramon.gil@example.com,948-559-218,Córdoba,Spain
Leposava Ivić,female,leposava.ivic@example.com,010-4164-718,Petrovac na Mlavi,Serbia
Isabel Mascareñas,male,isabel.mascarenas@example.com,(657) 898 7719,Sonoita,Mexico
سوگند سلطانی نژاد,female,swgnd.sltnynjd@example.com,067-35579616,قائم‌شهر,Iran
Mae Mathieu,male,mae.mathieu@example.com,01-97-46-97-96,Colombes,France
Iina Lehtola,female,iina.lehtola@example.com,09-564-719,Kaustinen,Finland
Ayaan Shah,male,ayaan.shah@example.com,8350116350,Aizawl,India
Daribog Deda,male,daribog.deda@example.com,(097) L16-1523,Dnipro,Ukraine
Matteus Ringstad,male,matteus.ringstad@example.com,26062693,Lein,Norway
Manasa Mathew,female,manasa.mathew@example.com,7779199163,Ambala,India
Kasper Haataja,male,kasper.haataja@example.com,08-892-793,Kuhmoinen,Finland
Leonardo Bjørnå,male,leonardo.bjorna@example.com,59841934,Vingnes,Norway
Čedomir Čabarkapa,male,cedomir.cabarkapa@example.com,021-5583-860,Crna Trava,Serbia
Ülkü Koç,female,ulku.koc@example.com,(631)-919-0724,Ağrı,Turkey
Leon Taylor,male,leon.taylor@example.com,07-7295-7815,Warrnambool,Australia
Lakeisha Rekers,female,lakeisha.rekers@example.com,(053) 8842416,Budel-Schoot,Netherlands
Carlo Guillot,male,carlo.guillot@example.com,078 437 35 26,Pregny-Chambésy,Switzerland
Samuel Jarvela,male,samuel.jarvela@example.com,04-502-042,Vesanto,Finland
Valentin Barrios,male,valentin.barrios@example.com,(615) 998 6977,Guanacevi,Mexico
Deniz Özgörkey,female,deniz.ozgorkey@example.com,(600)-528-2114,Batman,Turkey
Christoffer Andersen,male,christoffer.andersen@example.com,44829364,Snertinge,Denmark
Mason French,male,mason.french@example.com,I81 U48-6423,Trout Lake,Canada
Monali Gamskar,female,monali.gamskar@example.com,9099396695,Bokaro,India
Anni Saarinen,female,anni.saarinen@example.com,04-027-668,Hyvinkää,Finland
Alexandra Roberts,female,alexandra.roberts@example.com,01147 195746,Swansea,United Kingdom
Elsa Robledo,female,elsa.robledo@example.com,(667) 560 3328,Chichicaxtle,Mexico
Eliab Caldeira,male,eliab.caldeira@example.com,(38) 5002-0253,Santa Cruz do Sul,Brazil
Nathan Young,male,nathan.young@example.com,Z63 D32-9797,Woodstock,Canada
Vegar Nordang,male,vegar.nordang@example.com,36945531,Fannrem,Norway
Akseli Haataja,male,akseli.haataja@example.com,09-658-790,Jämsä,Finland
Julie Brunet,female,julie.brunet@example.com,05-67-91-01-23,Perpignan,France
Sophia Mcguinness,female,sophia.mcguinness@example.com,041-000-8388,Kildare,Ireland
Sanja Ivanović,female,sanja.ivanovic@example.com,011-3358-505,Negotin,Serbia
Ole Oppegård,male,ole.oppegard@example.com,77320679,Byglandsfjord,Norway
Terrance Simmons,male,terrance.simmons@example.com,(370) 310-3147,Everett,United States
Holger Graupner,male,holger.graupner@example.com,0231-5192342,Maxhütte-Haidhof,Germany
Shai Visschers,male,shai.visschers@example.com,(001) 1026854,Jonkerslan,Netherlands
Warinder Chiplunkar,male,warinder.chiplunkar@example.com,9671501411,Siliguri,India
Tomas Guerrero,male,tomas.guerrero@example.com,977-228-588,Córdoba,Spain
Sebastian Howell,male,sebastian.howell@example.com,05-1339-2965,Queanbeyan,Australia
Zvenislava Dovgalyuk,female,zvenislava.dovgalyuk@example.com,(099) X48-2584,Mostiska,Ukraine
Camille Slawa,female,camille.slawa@example.com,C12 S58-9941,Windsor,Canada
Katherine Vasquez,female,katherine.vasquez@example.com,(290) 709-0880,Flowermound,United States
Devashree Prajapati,female,devashree.prajapati@example.com,9396129505,Firozabad,India
Cristiano Fontai,male,cristiano.fontai@example.com,078 074 51 18,La Tour-de-Peilz,Switzerland
Dubravko Vlahović,male,dubravko.vlahovic@example.com,020-5371-899,Kragujevac,Serbia
Gordon Burke,male,gordon.burke@example.com,02-5996-0056,Bunbury,Australia
Ester Dang,female,ester.dang@example.com,53763194,Lampeland,Norway
Lucas Colón,male,lucas.colon@example.com,(602) 823 1651,Ley Federal de Reforma Agraria,Mexico
تینا یاسمی,female,tyn.ysmy@example.com,014-93264377,شیراز,Iran
Mads Møller,male,mads.moller@example.com,16795797,Stoevring,Denmark
یلدا رضاییان,female,yld.rdyyn@example.com,096-77682338,اصفهان,Iran
Micheal Bryant,male,micheal.bryant@example.com,051-491-5096,Kilcoole,Ireland
Joona Jarvinen,male,joona.jarvinen@example.com,09-716-404,Joutsa,Finland
Gavin Welch,male,gavin.welch@example.com,017687 67731,Ripon,United Kingdom
Juan Carlos Quiñones,male,juancarlos.quinones@example.com,(604) 318 9312,San Antonio de los Vázquez,Mexico
Mathéo Leroux,male,matheo.leroux@example.com,04-64-19-28-97,Nancy,France
Axelle Duval,female,axelle.duval@example.com,01-01-73-36-98,Aubervilliers,France
Sophie Watson,female,sophie.watson@example.com,(470) 205-8025,Bernalillo,United States
Daniel Roberts,male,daniel.roberts@example.com,(313)-476-4100,Timaru,New Zealand
Ercan Grünwald,male,ercan.grunwald@example.com,0076-9626709,Ibbenbüren,Germany
Laura Delgado,female,laura.delgado@example.com,(624) 029 7628,Ozuluama,Mexico
Nina Tešić,female,nina.tesic@example.com,013-1200-275,Šabac,Serbia
Robin Burns,female,robin.burns@example.com,(924) 650-0517,Bellevue,United States
Cameron Hughes,male,cameron.hughes@example.com,(811)-655-8606,Dunedin,New Zealand
Kurt Cook,male,kurt.cook@example.com,(392) 825-5081,Anchorage,United States
Tanvi Andrade,female,tanvi.andrade@example.com,9794044340,Bhiwandi,India
Tristan Johansen,male,tristan.johansen@example.com,36721887,Ugerløse,Denmark
Johan Jørgensen,male,johan.jorgensen@example.com,20663356,Gl. Rye,Denmark
Nele Van Valkenburg,female,nele.vanvalkenburg@example.com,(043) 0566503,Nijswiller,Netherlands
Baldemar Caldeira,male,baldemar.caldeira@example.com,(46) 7730-1473,Taboão da Serra,Brazil
Veera Pietila,female,veera.pietila@example.com,09-799-261,Kihniö,Finland
ماهان علیزاده,male,mhn.aalyzdh@example.com,087-23079965,سنندج,Iran
Calvin Castillo,male,calvin.castillo@example.com,(214) 958-7728,Allentown,United States
Ümit Yeşilkaya,male,umit.yesilkaya@example.com,(804)-399-5966,Kırıkkale,Turkey
Elvino Melo,male,elvino.melo@example.com,(03) 1505-6307,Três Lagoas,Brazil
Pauline Kistner,female,pauline.kistner@example.com,0959-0726182,Wolfhagen,Germany
Genesis Reid,female,genesis.reid@example.com,06-6141-3116,Ballarat,Australia
Ellen Tuominen,female,ellen.tuominen@example.com,07-860-322,Kauhava,Finland
Kati Hegemann,female,kati.hegemann@example.com,0666-3294098,Treffurt,Germany
Ilias Hackl,male,ilias.hackl@example.com,0574-4632807,Frankenau,Germany
Martial Francois,male,martial.francois@example.com,077 976 69 44,Benken (Sg),Switzerland
Aino Pollari,female,aino.pollari@example.com,03-863-908,Kumlinge,Finland
Önal Okumuş,male,onal.okumus@example.com,(144)-507-2930,Malatya,Turkey
Mason Anderson,male,mason.anderson@example.com,(205)-565-7600,Upper Hutt,New Zealand
Isa Saleem,female,isa.saleem@example.com,69443152,Minnesund,Norway
اميرعلي کریمی,male,myraaly.khrymy@example.com,069-65129570,ایلام,Iran
Andrea Rojas,female,andrea.rojas@example.com,916-807-244,Pamplona,Spain
Vilma Kangas,female,vilma.kangas@example.com,02-870-811,Lemi,Finland
Brooklyn Jensen,female,brooklyn.jensen@example.com,06-1747-9192,Orange,Australia
Jesse Gordon,male,jesse.gordon@example.com,016973 50585,Lichfield,United Kingdom
Minea Lehtinen,female,minea.lehtinen@example.com,07-609-992,Paltamo,Finland
Agostinho da Conceição,male,agostinho.daconceicao@example.com,(72) 8342-3553,Porto Alegre,Brazil
Sedef Akan,female,sedef.akan@example.com,(253)-152-8330,Bitlis,Turkey
Calvin Hill,male,calvin.hill@example.com,015394 38600,Salisbury,United Kingdom
Čedomir Ivanišević,male,cedomir.ivanisevic@example.com,016-9021-402,Novi Bečej,Serbia
Umbelina Farias,female,umbelina.farias@example.com,(89) 7400-5440,Viamão,Brazil
Xavier Uribe,male,xavier.uribe@example.com,(674) 664 1095,San Martín,Mexico
Elouan Fleury,male,elouan.fleury@example.com,01-32-10-53-37,Nancy,France
Danielle Hayes,female,danielle.hayes@example.com,013873 94849,Portsmouth,United Kingdom
José Manuél Tapia,male,josemanuel.tapia@example.com,(620) 305 3078,Pichucalco,Mexico
Topias Jokela,male,topias.jokela@example.com,09-563-323,Merijärvi,Finland
Noah Thompson,male,noah.thompson@example.com,(175)-861-2705,Greymouth,New Zealand
Iina Keto,female,iina.keto@example.com,02-941-626,Parikkala,Finland
Susie Watson,female,susie.watson@example.com,021-218-0316,Newbridge,Ireland
Emile Nicolas,male,emile.nicolas@example.com,01-46-07-07-28,Nice,France
Linda Horton,female,linda.horton@example.com,015395 34433,Lisburn,United Kingdom
Jasão da Cruz,male,jasao.dacruz@example.com,(45) 9945-4969,Taboão da Serra,Brazil
Snizhana Znachko-Yavorski,female,snizhana.znachko-yavorski@example.com,(067) O25-1032,Bershad,Ukraine
Celia Gallardo,female,celia.gallardo@example.com,944-155-916,Lorca,Spain
Julia Thompson,female,julia.thompson@example.com,S73 P31-7588,Vanier,Canada
Marta Lorenzo,female,marta.lorenzo@example.com,950-623-651,Ciudad Real,Spain
Afet Akgül,female,afet.akgul@example.com,(408)-380-4455,Uşak,Turkey
Sybille Lecomte,female,sybille.lecomte@example.com,076 808 36 55,Nenzlingen,Switzerland
Rodney Morrison,male,rodney.morrison@example.com,(371) 705-7635,Los Angeles,United States
Maddison Willis,female,maddison.willis@example.com,051-101-6507,Ballinasloe,Ireland
یلدا سالاری,female,yld.slry@example.com,046-83868251,ملارد,Iran
Ömür Akışık,female,omur.akisik@example.com,(846)-355-9303,Samsun,Turkey
Lieske Veldwijk,female,lieske.veldwijk@example.com,(017) 4117777,Wijhe,Netherlands
Milja Hakala,female,milja.hakala@example.com,02-465-950,Sauvo,Finland
Hayley Edwards,female,hayley.edwards@example.com,(050)-323-3456,Porirua,New Zealand
Felix Calvillo,male,felix.calvillo@example.com,(651) 162 5270,Puerto Libertad,Mexico
Ramón Fuentes,male,ramon.fuentes@example.com,(656) 746 6621,Queréndaro,Mexico
Julia Fitzsimmons,female,julia.fitzsimmons@example.com,041-986-9671,Laytown-Bettystown-Mornington,Ireland
Gilberto Gamez,male,gilberto.gamez@example.com,(601) 495 4310,Tambaca,Mexico
Iepistima Bilecka,female,iepistima.bilecka@example.com,(098) E02-4114,Rivne,Ukraine
Maël Meyer,male,mael.meyer@example.com,01-36-93-06-15,Nancy,France
Donald Johnson,male,donald.johnson@example.com,061-531-2307,Bray,Ireland
Macit Özbey,male,macit.ozbey@example.com,(821)-120-9351,Trabzon,Turkey
Vukota Spasić,male,vukota.spasic@example.com,010-0256-224,Novi Sad,Serbia
Ahmet Özkök,male,ahmet.ozkok@example.com,(008)-953-7838,Denizli,Turkey
Ricardo Cuellar,male,ricardo.cuellar@example.com,(685) 831 6729,Mecapalapa,Mexico
Avreliya Ribalchenko,female,avreliya.ribalchenko@example.com,(067) H09-0474,Avdiyivka,Ukraine
Pinja Lahti,female,pinja.lahti@example.com,03-877-115,Siuntio,Finland
Gene Hall,male,gene.hall@example.com,015395 03826,Lisburn,United Kingdom
Tania Baier,female,tania.baier@example.com,0571-8719622,Anhalt-Bitterfeld,Germany
Marion Harvey,male,marion.harvey@example.com,0119175 590 2319,St Davids,United Kingdom
Remígio Ribeiro,male,remigio.ribeiro@example.com,(24) 7119-8212,Diadema,Brazil
Kornilo Barabash,male,kornilo.barabash@example.com,(096) O20-3777,Storozhinec,Ukraine
Carole Hernandez,female,carole.hernandez@example.com,(713) 441-0179,Red Bluff,United States
Peresvit Krasyuk,male,peresvit.krasyuk@example.com,(068) J96-2971,Mariupol,Ukraine
Siegmar Mayr,male,siegmar.mayr@example.com,0454-9992819,Monheim,Germany
Harwin Rombouts,male,harwin.rombouts@example.com,(0767) 009470,Een,Netherlands
Ángeles Ramírez,female,angeles.ramirez@example.com,917-073-669,Santander,Spain
Lukas Michel,male,lukas.michel@example.com,075 314 26 11,Corcelles-près-Concise,Switzerland
Alicia Martin,female,alicia.martin@example.com,982-258-446,Alcalá de Henares,Spain
Jacobina Van Gompel,female,jacobina.vangompel@example.com,(0635) 048869,Rijnsburg,Netherlands
Amelia Rodriquez,female,amelia.rodriquez@example.com,0117647 425 3877,Wells,United Kingdom
Lewis Hudson,male,lewis.hudson@example.com,041-719-6419,Carrigaline,Ireland
Freddie Jacobs,male,freddie.jacobs@example.com,051-723-1274,Kilcock,Ireland
Chatura Vernekar,male,chatura.vernekar@example.com,9195785606,Bhagalpur,India
Meral Akbulut,female,meral.akbulut@example.com,(224)-709-0796,Ağrı,Turkey
Frederick Gilbert,male,frederick.gilbert@example.com,01-9781-3773,Dubbo,Australia
سهیل کریمی,male,shyl.khrymy@example.com,060-27089084,نجف‌آباد,Iran
Lincy Plant,female,lincy.plant@example.com,(0865) 927476,Veenwouden,Netherlands
Nihal Mertoğlu,male,nihal.mertoglu@example.com,(226)-314-7930,Artvin,Turkey
Isabella Patel,female,isabella.patel@example.com,(367)-170-8505,Christchurch,New Zealand
Adna Juliussen,female,adna.juliussen@example.com,38622258,Vang,Norway
Melanie Montgomery,female,melanie.montgomery@example.com,(971) 802-1851,St. Louis,United States
Katrine Jørgensen,female,katrine.jorgensen@example.com,53839103,København Sv,Denmark
Efe Aybar,male,efe.aybar@example.com,(316)-616-8321,Zonguldak,Turkey
Torben Viste,male,torben.viste@example.com,72615769,Tveit,Norway
Robyn Van Goch,female,robyn.vangoch@example.com,(0356) 175449,Egmond aan den Hoef,Netherlands
Melodie Jones,female,melodie.jones@example.com,L10 L93-6731,Red Rock,Canada
Adriana Pizarro,female,adriana.pizarro@example.com,(670) 912 7969,Amartillán,Mexico
Volkan Elmastaşoğlu,male,volkan.elmastasoglu@example.com,(738)-909-6416,Konya,Turkey
Charlie Jackson,male,charlie.jackson@example.com,(731)-476-0015,Christchurch,New Zealand
Christina Wade,female,christina.wade@example.com,061-856-1857,Letterkenny,Ireland
Margareta Schuchardt,female,margareta.schuchardt@example.com,0880-5413767,Borgentreich,Germany
Eva Alvarez,female,eva.alvarez@example.com,017684 23023,Newcastle upon Tyne,United Kingdom
Gökhan Ilıcalı,male,gokhan.ilicali@example.com,(599)-066-0279,Yozgat,Turkey
Milja Hamalainen,female,milja.hamalainen@example.com,04-560-589,Ruokolahti,Finland
Harry Li,male,harry.li@example.com,(625)-898-6318,Palmerston North,New Zealand
مارال پارسا,female,mrl.prs@example.com,005-69583894,کاشان,Iran
Gilda Weide,female,gilda.weide@example.com,0498-1496832,Gardelegen,Germany
Quinta Ganesh,female,quinta.ganesh@example.com,(003) 8015159,Utrechtse Heuvelrug,Netherlands
Väinö Juntunen,male,vaino.juntunen@example.com,09-219-217,Lempäälä,Finland
Roope Koski,male,roope.koski@example.com,02-861-431,Alavieska,Finland
Alexis Chavez,female,alexis.chavez@example.com,(842) 928-3849,Port St. Lucie,United States
Ellen Ahonen,female,ellen.ahonen@example.com,07-255-991,Tohmajärvi,Finland
Hailey Brown,female,hailey.brown@example.com,B52 Q77-2989,Springfield,Canada
Willie Vargas,male,willie.vargas@example.com,(358) 762-8398,Coppell,United States
طاها زارعی,male,th.zraay@example.com,037-67921116,قم,Iran
Noah Sørensen,male,noah.sorensen@example.com,93406198,Silkeboeg,Denmark
Armando Pearson,male,armando.pearson@example.com,07-9390-6378,Perth,Australia
Miguel Mckinney,male,miguel.mckinney@example.com,03-8555-5393,Bendigo,Australia
Thibaut Marie,male,thibaut.marie@example.com,04-73-67-70-94,Aubervilliers,France
Molly Pena,female,molly.pena@example.com,01359 13675,Swansea,United Kingdom
Gordon Stanley,male,gordon.stanley@example.com,(769) 436-8308,Houston,United States
Abbey Nelson,female,abbey.nelson@example.com,011-848-8365,Donabate,Ireland
Ajinkya Sullad,male,ajinkya.sullad@example.com,7013649788,Mehsana,India
Parv Gupta,male,parv.gupta@example.com,7046144756,Ahmedabad,India
Blake Denys,male,blake.denys@example.com,C61 J10-1086,Clinton,Canada
Gea Van der Meijde,female,gea.vandermeijde@example.com,(0264) 047348,Roosendaal,Netherlands
Rosina Buse,female,rosina.buse@example.com,0962-6669417,Bad Schwalbach,Germany
Rolf-Peter Abraham,male,rolf-peter.abraham@example.com,0885-1417792,Wetzlar,Germany
Willie Eilander,male,willie.eilander@example.com,(046) 4402074,Casteren,Netherlands
Apolo Nascimento,male,apolo.nascimento@example.com,(01) 4563-5629,Nova Friburgo,Brazil
Nelly Riviere,female,nelly.riviere@example.com,075 010 42 87,Rümlingen,Switzerland
Lenny Caron,male,lenny.caron@example.com,04-57-90-81-02,Créteil,France
Clara Aasen,female,clara.aasen@example.com,31114926,Bokn,Norway
Rakshitha Mathew,female,rakshitha.mathew@example.com,8591243911,Patna,India
Milovan Lučić,male,milovan.lucic@example.com,032-0004-597,Bor,Serbia
Theodoros Heiß,male,theodoros.heiss@example.com,0782-4628206,Obernburg am Main,Germany
محمدطاها کریمی,male,mhmdth.khrymy@example.com,082-98605072,بیرجند,Iran
Zeferino Mireles,male,zeferino.mireles@example.com,(695) 124 8236,Mariano Matamoros,Mexico
Olivier French,male,olivier.french@example.com,J12 Z89-8315,Bath,Canada
Rachana Dsouza,female,rachana.dsouza@example.com,9991741226,Vijayanagaram,India
Aubin Rey,male,aubin.rey@example.com,04-84-22-41-64,Asnières-sur-Seine,France
Zora Radanović,female,zora.radanovic@example.com,018-9765-331,Žagubica,Serbia
Jonas Fournier,male,jonas.fournier@example.com,04-23-26-68-27,Aix-En-Provence,France
Erik Muller,male,erik.muller@example.com,077 405 18 49,Uetendorf,Switzerland
Madison Moore,female,madison.moore@example.com,(337)-688-6409,Upper Hutt,New Zealand
Louison Durand,male,louison.durand@example.com,02-18-50-72-35,Limoges,France
Renee Sanders,female,renee.sanders@example.com,(393) 337-6608,Jersey City,United States
James Oltmanns,male,james.oltmanns@example.com,0450-5904948,Bad Schussenried,Germany
Emmanuel Gres,female,emmanuel.gres@example.com,(096) G41-7135,Simferopol,Ukraine
Vincent Mckinney,male,vincent.mckinney@example.com,08-8231-4172,Warrnambool,Australia
Agustín Garrido,male,agustin.garrido@example.com,981-976-869,Albacete,Spain
Rosa Esquivel,female,rosa.esquivel@example.com,(637) 899 8967,Pimienta,Mexico
Artur Nosko,male,artur.nosko@example.com,(068) O58-5804,Bolehiv,Ukraine
Sinook Andriienko,male,sinook.andriienko@example.com,(096) I67-7619,Zhmerinka,Ukraine
Grace Smith,female,grace.smith@example.com,(123)-233-4665,Hastings,New Zealand
Smruthi Hiremath,female,smruthi.hiremath@example.com,8153321790,Dharmavaram,India
Isaac Cortes,male,isaac.cortes@example.com,922-225-519,Málaga,Spain
Freja Nielsen,female,freja.nielsen@example.com,28652691,Hornbæk,Denmark
Jamahl Van Helden,male,jamahl.vanhelden@example.com,(0015) 371896,Aalten,Netherlands
Saana Juntunen,female,saana.juntunen@example.com,07-256-655,Jyväskylä,Finland
Rushil Shenoy,male,rushil.shenoy@example.com,8516506913,Panihati,India
Viljami Lassila,male,viljami.lassila@example.com,09-907-310,Koski,Finland
Jovana Srećković,female,jovana.sreckovic@example.com,010-0919-865,Ruma,Serbia
Alfred Nielsen,male,alfred.nielsen@example.com,06585731,Frederiksberg,Denmark
Randall Stone,male,randall.stone@example.com,(920) 255-6455,Antioch,United States
Mathias Henry,male,mathias.henry@example.com,079 838 51 60,Meiringen,Switzerland
Hannah Armstrong,female,hannah.armstrong@example.com,(900) 400-5770,Miami Gardens,United States
Dragoje Karanović,male,dragoje.karanovic@example.com,023-0335-771,Kanjiža,Serbia
Danica Zec,female,danica.zec@example.com,030-3651-668,Kosjerić,Serbia
Craig Franklin,male,craig.franklin@example.com,(639) 931-7165,Tucson,United States
Camilo Carbajal,male,camilo.carbajal@example.com,(611) 372 5332,San Pedro y San Pablo Teposco,Mexico
Selma Joly,female,selma.joly@example.com,075 042 34 96,Mönthal,Switzerland
Viktoria Myrstad,female,viktoria.myrstad@example.com,71374657,Brusand,Norway
Akseli Peltola,male,akseli.peltola@example.com,03-020-305,Aura,Finland
Clifford Murphy,male,clifford.murphy@example.com,051-807-3367,Mallow,Ireland
Abigail Gagné,female,abigail.gagne@example.com,M17 I26-2646,Waterloo,Canada
Sergio Zavala,male,sergio.zavala@example.com,(689) 771 5125,Piedras Negras,Mexico
Roman Samoylovich,male,roman.samoylovich@example.com,(066) M14-3950,Yavoriv,Ukraine
Leo Mackay,male,leo.mackay@example.com,L04 F88-8574,Georgetown,Canada
Leo Myers,male,leo.myers@example.com,(824) 819-1175,Arvada,United States
Stojan Stojanović,male,stojan.stojanovic@example.com,021-0960-556,Doljevac,Serbia
Slavko Dinčić,male,slavko.dincic@example.com,033-6877-146,Štrpce,Serbia
Javier Byrd,male,javier.byrd@example.com,016977 8047,Chester,United Kingdom
Vesna Lazić,female,vesna.lazic@example.com,036-4997-089,Odžaci,Serbia
Matias Kokko,male,matias.kokko@example.com,02-484-847,Maaninka,Finland
Erich Laurent,male,erich.laurent@example.com,077 000 15 70,Les Montets,Switzerland
Anniken Telle,female,anniken.telle@example.com,55095969,Lillesand,Norway
Piotr Fossen,male,piotr.fossen@example.com,54866765,Viksjord,Norway
Kaya Kuzucu,male,kaya.kuzucu@example.com,(390)-086-1444,Edirne,Turkey
Ava Rocha,female,ava.rocha@example.com,(55) 3843-1521,Sinop,Brazil
مانی رضاییان,male,mny.rdyyn@example.com,042-53252196,سنندج,Iran
Katy Janik,female,katy.janik@example.com,0770-8264102,Altensteig,Germany
Geoff Mills,male,geoff.mills@example.com,071-907-8998,Swords,Ireland
Pranit Bansal,male,pranit.bansal@example.com,7329766397,Khandwa,India
Adrijana Jevremović,female,adrijana.jevremovic@example.com,022-7962-155,Bački Petrovac,Serbia
باران مرادی,female,brn.mrdy@example.com,035-19866085,گرگان,Iran
Alejandro Suarez,male,alejandro.suarez@example.com,910-171-982,Zaragoza,Spain
Hermann Hotvedt,male,hermann.hotvedt@example.com,70388369,Fjellsrud,Norway
Ilija Pavić,male,ilija.pavic@example.com,014-4844-172,Blace,Serbia
Lisa Hanson,female,lisa.hanson@example.com,0119442 571 5850,Londonderry,United Kingdom
August Jørgensen,male,august.jorgensen@example.com,85432239,Århus C.,Denmark
Fabien Lopez,male,fabien.lopez@example.com,04-73-27-19-24,Argenteuil,France
Caroline Johansen,female,caroline.johansen@example.com,06136856,Branderup J,Denmark
Namratha Nair,female,namratha.nair@example.com,8763740644,Vasai-Virar,India
Benjamín Tafoya,male,benjamin.tafoya@example.com,(642) 514 5534,Comanja,Mexico
Eléonore Gerard,female,eleonore.gerard@example.com,01-62-32-38-50,Caen,France
Ekansh Tipparti,male,ekansh.tipparti@example.com,8797271607,Udaipur,India
Esaú Ramos,male,esau.ramos@example.com,(53) 3442-9800,Suzano,Brazil
Laura Andrews,female,laura.andrews@example.com,051-721-5781,Wicklow,Ireland
Rohan Almeida,male,rohan.almeida@example.com,8007420285,Aligarh,India
Gisela Adam,female,gisela.adam@example.com,075 455 34 52,Tévenon,Switzerland
محمدعلی علیزاده,male,mhmdaaly.aalyzdh@example.com,098-04312966,خرم‌آباد,Iran
علیرضا محمدخان,male,aalyrd.mhmdkhn@example.com,005-59070802,قرچک,Iran
Alejandro Velásquez,male,alejandro.velasquez@example.com,(646) 617 0367,Jaltepec,Mexico
Sytze Bijlstra,male,sytze.bijlstra@example.com,(016) 9476230,Einighausen,Netherlands
Arlette Rodriguez,female,arlette.rodriguez@example.com,079 459 15 53,Bedretto,Switzerland
Renée Van Kemenade,female,renee.vankemenade@example.com,(068) 9097115,Idaerd,Netherlands
Marcus Christensen,male,marcus.christensen@example.com,38108397,Støvring ,Denmark
Raïssa Pollemans,female,raissa.pollemans@example.com,(033) 4781481,Otterlo,Netherlands
Basil Lemoine,male,basil.lemoine@example.com,078 364 59 05,Vérossaz,Switzerland
Arvind De Paauw,male,arvind.depaauw@example.com,(0927) 364741,Zeist,Netherlands
Kathleen Porter,female,kathleen.porter@example.com,041-368-7494,Bandon,Ireland
Jenny Rusch,female,jenny.rusch@example.com,0350-9334122,Pausa-Mühltroff,Germany
Luzia Monteiro,female,luzia.monteiro@example.com,(05) 1381-4399,Atibaia,Brazil
Amber Lewis,female,amber.lewis@example.com,(071)-286-9209,Porirua,New Zealand
Aiden Haglund,male,aiden.haglund@example.com,69394865,Renbygda,Norway
Basile Leclerc,male,basile.leclerc@example.com,02-03-53-44-23,Toulouse,France
Terrance Jordan,male,terrance.jordan@example.com,017684 23709,Stevenage,United Kingdom
Rolf-Peter Posselt,male,rolf-peter.posselt@example.com,0152-3678516,Brackenheim,Germany
Enrique Vega,male,enrique.vega@example.com,976-893-212,Córdoba,Spain
Hemitério Viana,male,hemiterio.viana@example.com,(33) 2079-5452,Taubaté,Brazil
Gorana Pantelić,female,gorana.pantelic@example.com,030-7315-807,Mali Zvornik,Serbia
Anneliese Robin,female,anneliese.robin@example.com,077 952 62 81,Erschwil,Switzerland
Donita Fernandes,female,donita.fernandes@example.com,8419287795,Tezpur,India
Runa Rosenvinge,female,runa.rosenvinge@example.com,53504249,Valle,Norway
Sophia Tucker,female,sophia.tucker@example.com,0131 084 3282,Hereford,United Kingdom
Aitor Garrido,male,aitor.garrido@example.com,976-753-329,Gandía,Spain
Maude Lucas,female,maude.lucas@example.com,078 104 13 98,Menziken,Switzerland
Jack Patel,male,jack.patel@example.com,X21 Q34-1350,Lafontaine,Canada
Cristobal Puente,male,cristobal.puente@example.com,(683) 088 2493,Corazón de María,Mexico
Maïwenn Roger,female,maiwenn.roger@example.com,01-58-25-99-07,Saint-Denis,France
Barbara Cviek,female,barbara.cviek@example.com,(067) U36-7422,Dnipro,Ukraine
Kerttu Hakola,female,kerttu.hakola@example.com,09-661-176,Nykarleby,Finland
آرسین صدر,male,arsyn.sdr@example.com,029-15831755,تهران,Iran
Melodie Williams,female,melodie.williams@example.com,G67 E87-7788,Cadillac,Canada
Porfirio Fuentes,male,porfirio.fuentes@example.com,(659) 761 6556,Teotihuacán,Mexico
Wade Rhodes,male,wade.rhodes@example.com,0171 329 0602,Swansea,United Kingdom
Elias Kokko,male,elias.kokko@example.com,03-058-826,Tammela,Finland
Kelly Rivera,female,kelly.rivera@example.com,(515) 201-8553,Tucson,United States
Stefan Arens,male,stefan.arens@example.com,0172-5547963,Crivitz,Germany
Lloyd Ellenbroek,male,lloyd.ellenbroek@example.com,(0313) 849091,Zevenbergschen Hoek Dri,Netherlands
Yaromisl Luchakivskiy,male,yaromisl.luchakivskiy@example.com,(096) U01-8970,Ilovaysk,Ukraine
Deborah Jordan,female,deborah.jordan@example.com,017683 59226,Wakefield,United Kingdom
Jasper Martin,male,jasper.martin@example.com,(270)-791-7592,Palmerston North,New Zealand
Poppy Walker,female,poppy.walker@example.com,(696)-420-2052,Whangarei,New Zealand
Sebastian Poulsen,male,sebastian.poulsen@example.com,18898771,Kvistgaard,Denmark
Célestin David,male,celestin.david@example.com,05-25-10-93-10,Lille,France
Valtteri Jarvela,male,valtteri.jarvela@example.com,07-693-544,Tohmajärvi,Finland
Nihal Adıvar,male,nihal.adivar@example.com,(048)-899-3747,Ardahan,Turkey
Landon Ortiz,male,landon.ortiz@example.com,(431) 761-3691,Columbus,United States
Željka Janković,female,zeljka.jankovic@example.com,031-6289-521,Lajkovac,Serbia
Tomothy Robinson,male,tomothy.robinson@example.com,031-886-9146,Ballybofey-Stranorlar,Ireland
Salvador Ríos,male,salvador.rios@example.com,(606) 523 7132,San Felipe Jalapa de Díaz,Mexico
نيما حیدری,male,nym.hydry@example.com,078-20910371,نیشابور,Iran
Sherry Walker,female,sherry.walker@example.com,07-8949-6469,Tweed,Australia
Albane Faure,female,albane.faure@example.com,02-60-56-52-87,Marseille,France
Hans-Herbert Obst,male,hans-herbert.obst@example.com,0123-5779506,Wegberg,Germany
Slavica Weitz,female,slavica.weitz@example.com,0449-8613760,Beckum,Germany
Anusha Dsouza,female,anusha.dsouza@example.com,8066504958,Dharmavaram,India
درسا نكو نظر,female,drs.nkwnzr@example.com,012-74296023,بجنورد,Iran
Marie Mortensen,female,marie.mortensen@example.com,57604047,Ryslinge,Denmark
Gisela Damm,female,gisela.damm@example.com,0267-3309541,Neuerburg,Germany
Nikolaus Reichenbach,male,nikolaus.reichenbach@example.com,0136-0469951,Kronberg im Taunus,Germany
Maruta Redko,female,maruta.redko@example.com,(098) T39-7715,Sinelnikove,Ukraine
Dylan Walker,male,dylan.walker@example.com,(144)-036-8438,Whangarei,New Zealand
Viktorija Nenadović,female,viktorija.nenadovic@example.com,021-0147-377,Leposavić,Serbia
Lisa Braathen,female,lisa.braathen@example.com,73665810,Våler,Norway
Latife Kuzucu,female,latife.kuzucu@example.com,(751)-597-0339,Kastamonu,Turkey
Johan Jørgensen,male,johan.jorgensen@example.com,61455112,Stoevring,Denmark
Niklas Laitinen,male,niklas.laitinen@example.com,04-299-508,Sastamala,Finland
Geertjan Patist,male,geertjan.patist@example.com,(044) 6884902,Marssum,Netherlands
Leevi Anttila,male,leevi.anttila@example.com,02-843-033,Honkajoki,Finland
شایان جعفری,male,shyn.jaafry@example.com,095-51441387,ملارد,Iran
Mehar Acharya,female,mehar.acharya@example.com,7676439803,Vadodara,India
Gilciane Teixeira,female,gilciane.teixeira@example.com,(84) 6054-4234,São José,Brazil
Bryan Perkins,male,bryan.perkins@example.com,061-959-6700,Birr,Ireland
Dzvenimira Lomikovskiy,female,dzvenimira.lomikovskiy@example.com,(067) G23-4641,Pidgorodne,Ukraine
Fatimah Hulsker,female,fatimah.hulsker@example.com,(0606) 277391,Varsselder Veldhunten,Netherlands
Richard Andrews,male,richard.andrews@example.com,013873 25519,Salisbury,United Kingdom
Lolit Frickiy,male,lolit.frickiy@example.com,(068) R81-0191,Vinniki,Ukraine
Hermine Krog,female,hermine.krog@example.com,73818180,Batnfjordsøra,Norway
Oliver Christensen,male,oliver.christensen@example.com,31246472,Ryslinge,Denmark
Joan Suarez,male,joan.suarez@example.com,958-675-861,La Coruña,Spain
Linda Macrae,female,linda.macrae@example.com,016974 76961,Dundee,United Kingdom
Jorge Berry,male,jorge.berry@example.com,017687 34887,St Davids,United Kingdom
Sava Nikolić,male,sava.nikolic@example.com,028-1497-772,Bačka Topola,Serbia
Kalpit Shet,male,kalpit.shet@example.com,8641872089,Ramagundam,India
Alicia Novak,female,alicia.novak@example.com,T37 F14-8498,Cartwright,Canada
Marlène Blanc,female,marlene.blanc@example.com,078 219 76 86,Penthaz,Switzerland
Ryan Pelletier,male,ryan.pelletier@example.com,N59 S15-4186,Kingston,Canada
Filippa Pedersen,female,filippa.pedersen@example.com,85640783,Assens,Denmark
Aron Bonnet,male,aron.bonnet@example.com,076 767 86 09,Hubersdorf,Switzerland
Alice Walker,female,alice.walker@example.com,(776)-820-5179,Auckland,New Zealand
Flavie Roche,female,flavie.roche@example.com,01-20-79-40-38,Le Mans,France
Astrid Petersen,female,astrid.petersen@example.com,86857142,Askeby,Denmark
Remedios Fernández,female,remedios.fernandez@example.com,956-971-866,Guadalajara,Spain
Jacob Mitchell,male,jacob.mitchell@example.com,R47 Z42-6707,Campbellton,Canada
Harshil Nayak,male,harshil.nayak@example.com,8563633041,Jaunpur,India
Calvino Lima,male,calvino.lima@example.com,(14) 4202-1676,Tatuí,Brazil
Sophia James,female,sophia.james@example.com,071-687-8292,Mullingar,Ireland
Silas Christensen,male,silas.christensen@example.com,84170801,Vipperød,Denmark
حسین نجاتی,male,hsyn.njty@example.com,008-06740767,پاکدشت,Iran
Camila Aguirre,female,camila.aguirre@example.com,(643) 278 9552,Guadalupe Victoria (Mp.Asención),Mexico
Sander Sørensen,male,sander.sorensen@example.com,90540858,Nr Åby,Denmark
Zora Silva,female,zora.silva@example.com,(56) 6721-1138,Canoas,Brazil
Emma Miller,female,emma.miller@example.com,D72 S76-3921,Stirling,Canada
Amir Guillot,male,amir.guillot@example.com,075 669 06 96,Gossau (Sg),Switzerland
Amy Bryant,female,amy.bryant@example.com,061-539-5197,Edenderry,Ireland
Marilaine Melo,female,marilaine.melo@example.com,(23) 4376-7087,Rio das Ostras,Brazil
Brittany Daniels,female,brittany.daniels@example.com,(567) 890-8824,Bakersfield,United States
Jadranko Jakovljević,male,jadranko.jakovljevic@example.com,034-2555-275,Čoka,Serbia
Alisa Ranta,female,alisa.ranta@example.com,02-585-210,Pyhtää,Finland
Liam Côté,male,liam.cote@example.com,C10 H70-2246,Windsor,Canada
Ege Hakyemez,female,ege.hakyemez@example.com,(608)-041-4058,Eskişehir,Turkey
Athena Bang,female,athena.bang@example.com,89839970,Løkenfeltet,Norway
Catherine White,female,catherine.white@example.com,071-116-4223,Kilcoole,Ireland
Philippe Wilson,male,philippe.wilson@example.com,I89 C36-1152,Borden,Canada
Adrijana Jevremović,female,adrijana.jevremovic@example.com,032-7850-812,Novi Sad,Serbia
Margarete Kühne,female,margarete.kuhne@example.com,0185-3122139,Leipziger Land,Germany
Angus Kumar,male,angus.kumar@example.com,(130)-526-9009,Whanganui,New Zealand
Isaiah Bailey,male,isaiah.bailey@example.com,(610) 615-1620,Elgin,United States
Diane Andre,female,diane.andre@example.com,05-59-86-46-41,Le Mans,France
Keith Wells,male,keith.wells@example.com,011-303-7879,Tuam,Ireland
Paige Evans,female,paige.evans@example.com,(244)-929-4265,Dunedin,New Zealand
Isabel Riis,female,isabel.riis@example.com,32949412,Sponvika,Norway
Navami Raval,female,navami.raval@example.com,8338989204,Chinsurah,India
Tobias Pedersen,male,tobias.pedersen@example.com,60268643,Jerslev Sj,Denmark
Cristóbal Duran,male,cristobal.duran@example.com,947-316-821,Parla,Spain
Dantela Carvalho,female,dantela.carvalho@example.com,(85) 1030-7131,Guaratinguetá,Brazil
Dev Saldanha,male,dev.saldanha@example.com,9719851335,Hazaribagh,India
Julius Årdal,male,julius.ardal@example.com,20858209,Kirkevoll,Norway
Latife Adan,female,latife.adan@example.com,(131)-176-7562,Diyarbakır,Turkey
Izzie Butler,female,izzie.butler@example.com,011-304-0572,Athenry,Ireland
Gloria Hart,female,gloria.hart@example.com,06-7422-8472,Warragul,Australia
Anna Muller,female,anna.muller@example.com,076 563 27 16,Auboranges,Switzerland
Onne Steneker,male,onne.steneker@example.com,(0140) 453441,Langelille,Netherlands
Juliette Ouellet,female,juliette.ouellet@example.com,Q11 D03-6468,Sherbrooke,Canada
Vidya Mathew,female,vidya.mathew@example.com,9121039687,Ozhukarai,India
Amélie Kruizinga,female,amelie.kruizinga@example.com,(069) 9647057,De Waal,Netherlands
Derzhikray Simenovich,male,derzhikray.simenovich@example.com,(096) R25-5789,Vatutine,Ukraine
Ryder Johnson,male,ryder.johnson@example.com,(224)-192-2365,Tauranga,New Zealand
Charlotte Roy,female,charlotte.roy@example.com,Y69 G97-8257,Clinton,Canada
Åsmund Ravnås,male,asmund.ravnas@example.com,53177791,Fagerliåsen,Norway
José Murillo,male,jose.murillo@example.com,(602) 852 4573,Luvianos,Mexico
Valdemar Hansen,male,valdemar.hansen@example.com,72985960,Sommersted,Denmark
